date,price,daily_return,mrs,severity,action_bundle,exposure,market_value,flowpay_value
2025-01-02 00:00:00,96886.875,0.026129247147606893,,Normal,,1.0,10261.292471476068,10261.292471476068
2025-01-03 00:00:00,98107.4296875,0.012597729955682757,,Normal,,1.0,10390.561463028005,10390.561463028005
2025-01-04 00:00:00,98236.2265625,0.0013128146911018934,,Normal,,1.0,10404.202344765465,10404.202344765465
2025-01-05 00:00:00,98314.9609375,0.0008014800420892421,,Normal,,1.0,10412.541105298653,10412.541105298653
2025-01-06 00:00:00,102078.0859375,0.03827621924594227,,Normal,,1.0,10811.09381155245,10811.09381155245
2025-01-07 00:00:00,96922.703125,-0.05050430525956884,,Guarded,,0.7,10265.08702950397,10428.889064118513
2025-01-08 00:00:00,95043.5234375,-0.019388436629511285,,Guarded,,0.7,10066.063040136014,10287.349165803407
2025-01-09 00:00:00,92484.0390625,-0.026929603222076492,,Guarded,,0.7,9794.987956456742,10093.425203933975
2025-01-10 00:00:00,94701.453125,0.023976181025154863,,Normal,,1.0,10029.834360839961,10335.426993787358
2025-01-11 00:00:00,94566.59375,-0.001424047578467369,,Guarded,,0.7,10015.551399505977,10325.124295939308
2025-01-12 00:00:00,94488.4375,-0.0008264678561502592,,Guarded,,0.7,10007.273868212666,10319.150927600362
2025-01-13 00:00:00,94516.5234375,0.00029724205673309356,,Normal,,1.0,10010.248450879544,10322.21821324582
2025-01-14 00:00:00,96534.046875,0.021345722040169157,,Normal,,1.0,10223.924431865053,10542.553414063737
2025-01-15 00:00:00,100504.4921875,0.041129999632577796,,Normal,,1.0,10644.434439991166,10976.16863211061
2025-01-16 00:00:00,99756.90625,-0.0074383335632930425,,Guarded,,0.7,10565.257586033908,10919.017549637794
2025-01-17 00:00:00,104462.0390625,0.04716598568833419,,Normal,,1.0,11063.578374130348,11434.02377511468
2025-01-18 00:00:00,104408.0703125,-0.000516635042589142,,Guarded,,0.7,11057.86254184584,11429.888722962665
2025-01-19 00:00:00,101089.609375,-0.03178356737719257,,Guarded,,0.7,10706.404222699348,11175.590876124597
2025-01-20 00:00:00,102016.6640625,0.009170622908047932,,Normal,,1.0,10804.588618526855,11278.078005824156
2025-01-21 00:00:00,106146.265625,0.040479676535688514,,Normal,,1.0,11241.954870906004,11734.610955444181
2025-01-22 00:00:00,103653.0703125,-0.023488299826845638,,Guarded,,0.7,10977.900464258295,11541.67271311318
2025-01-23 00:00:00,103960.171875,0.002962783076025932,,Normal,,1.0,11010.425601964096,11575.868185696621
2025-01-24 00:00:00,104819.484375,0.008265785680243276,,Normal,,1.0,11101.435420238195,11671.551831182336
2025-01-25 00:00:00,104714.6484375,-0.0010001569662844156,,Guarded,,0.7,11090.332242266886,11663.380462472422
2025-01-26 00:00:00,102682.5,-0.019406534499448846,,Guarded,,0.7,10875.107326996984,11504.938405744802
2025-01-27 00:00:00,102087.6875,-0.005792734886665207,,Guarded,,0.7,10812.11071338766,11458.286865094478
2025-01-28 00:00:00,101332.4765625,-0.007397669160641884,,Guarded,,0.7,10732.126295401786,11398.95163433149
2025-01-29 00:00:00,103703.2109375,0.023395602825692086,,Normal,,1.0,10983.210859684172,11665.636979397583
2025-01-30 00:00:00,104735.3046875,0.009952379879751394,,Normal,,1.0,11092.519946459159,11781.737830155824
2025-01-31 00:00:00,102405.0234375,-0.022249243050878498,,Guarded,,0.7,10845.71977412367,11598.243506174416
2025-02-01 00:00:00,100655.90625,-0.017080384621634526,,Guarded,,0.7,10660.470708883171,11459.571784159833
2025-02-02 00:00:00,97688.9765625,-0.02947596219670423,,Guarded,,0.7,10346.243077269059,11223.124450869613
2025-02-03 00:00:00,101405.421875,0.03804365081173988,,Normal,,1.0,10739.851936114064,11650.093078495196
2025-02-04 00:00:00,97871.8203125,-0.034846278405663456,,Guarded,,0.7,10365.60806551263,11365.9194076896
2025-02-05 00:00:00,96615.4453125,-0.012836943218062724,,Guarded,,0.7,10232.545343354952,11263.786844249287
2025-02-06 00:00:00,96593.296875,-0.00022924323774897726,,Guarded,,0.7,10230.199601530028,11261.979341373444
2025-02-07 00:00:00,96529.0859375,-0.0006647556256734743,,Guarded,,0.7,10223.399018793149,11256.738816487066
2025-02-08 00:00:00,96482.453125,-0.00048309597099249757,,Guarded,,0.7,10218.460135917321,11252.932156868936
2025-02-09 00:00:00,96500.09375,0.00018283765004545316,,Normal,,1.0,10220.328455155655,11254.989616540619
2025-02-10 00:00:00,97437.5546875,0.009714611676219231,,Normal,,1.0,10319.614977300906,11364.32747008519
2025-02-11 00:00:00,95747.4296875,-0.017345724709743937,,Guarded,,0.7,10140.613776794095,11226.341723019956
2025-02-12 00:00:00,97885.859375,0.02233406885677658,,Normal,,1.0,10367.09494313499,11477.071612071588
2025-02-13 00:00:00,96623.8671875,-0.012892487184132717,,Guarded,,0.7,10233.437304443936,11373.494013002583
2025-02-14 00:00:00,97508.96875,0.009160278803397981,,Normal,,1.0,10327.178443269737,11477.678389130464
2025-02-15 00:00:00,97580.3515625,0.0007320640697474623,,Normal,,1.0,10334.738599549924,11486.080785083263
2025-02-16 00:00:00,96175.03125,-0.014401672980240199,,Guarded,,0.7,10185.90107390294,11370.28763957929
2025-02-17 00:00:00,95773.3828125,-0.004176223623530095,,Guarded,,0.7,10143.362473211166,11337.04823488657
2025-02-18 00:00:00,95539.546875,-0.0024415545387781457,,Guarded,,0.7,10118.596900526225,11317.672219784607
2025-02-19 00:00:00,96635.609375,0.011472343504350446,,Normal,,1.0,10234.680919951117,11447.51244315962
2025-02-20 00:00:00,98333.9375,0.017574558032842136,,Normal,,1.0,10414.55091372642,11648.69741492361
2025-02-21 00:00:00,96125.546875,-0.02245807176184722,,Guarded,,0.7,10180.66018193854,11465.572317190132
2025-02-22 00:00:00,96577.7578125,0.0047043783073406065,,Normal,,1.0,10228.553858852858,11519.510706880366
2025-02-23 00:00:00,96273.921875,-0.0031460239332733453,,Guarded,,0.7,10196.374583610132,11494.142247411955
2025-02-24 00:00:00,91418.171875,-0.05043681513571874,,Guarded,,0.7,9682.101923682047,11088.332698038495
2025-02-25 00:00:00,88736.171875,-0.029337712021491935,,Guarded,,0.7,9398.05120568233,10860.618279993012
2025-02-26 00:00:00,84347.0234375,-0.04946290046952739,,Guarded,,0.7,8933.196334288143,10484.579903278436
2025-02-27 00:00:00,84704.2265625,0.004234922709094535,,Normal,,1.0,8971.027730309019,10528.981288806146
2025-02-28 00:00:00,84373.0078125,-0.003910297790814532,,Guarded,,0.7,8935.948340393856,10500.161272214944
